DATE,DVV,CC
2014-04-10,-0.09033139734581648,0.9277723426422414
2014-04-12,0.0409440298535014,0.909934027769919
2014-04-13,0.07436079515209008,0.9112305726786796
2014-04-14,0.07333006259767956,0.9184871285266727
2014-04-15,0.03419932193106271,0.9369955562018182
2014-04-16,0.01589044561101886,0.9489623694015735
2014-04-17,0.03267882456660508,0.9529343905051469
2014-04-18,0.052221164937198264,0.9561555517995116
2014-04-19,0.08364771061149641,0.9418685675267057
2014-04-20,0.08557481349816029,0.934189081038156
2014-04-21,0.08801601949528158,0.9312771962525647
2014-04-22,0.06631285117517961,0.9387799731099612
2014-04-23,0.027770683558379562,0.9440413744221497
2014-04-24,0.030198380573323712,0.9482877122281335
2014-04-25,0.012331499997298821,0.9516875416815543
2014-04-26,-0.017268733648333607,0.9511313520950935
2014-04-27,-0.012200438718793056,0.9514607460883574
2014-04-28,-0.008644902740514564,0.9539060832861499
2014-04-29,-0.014621313333623256,0.956353940900271
2014-04-30,-0.0011196670474138545,0.9574005751867483
2014-05-01,-0.002198035480461734,0.9583774294792916
2014-05-02,-0.015586234457788901,0.9611637565677125
2014-05-03,-0.01769032309986989,0.9628877028252427
2014-05-04,-0.02022196718201137,0.9628572486124944
2014-05-05,-0.02314039942458872,0.9610281769310758
2014-05-06,-0.02895696152486656,0.9590128798067629
2014-05-07,-0.029133781510488864,0.957939383320117
2014-05-08,-0.028995779462879064,0.959252663630603
2014-05-09,-0.02901231506003063,0.9593733457426316
2014-05-10,-0.02717957606243752,0.956939223294545
2014-05-11,-0.02982429582466223,0.9547780093872068
2014-05-12,-0.025107463507100792,0.9567013978944735
2014-05-13,-0.02457376055093008,0.9588364929345558
2014-05-14,-0.023867902927828685,0.9607562128763906
2014-05-15,-0.021001333552411287,0.9628792370840626
2014-05-16,-0.019380547734224245,0.9636151501943307
2014-05-17,-0.01873151169352491,0.9621480397219215
2014-05-18,-0.020454311441208236,0.9594550294987221
2014-05-19,-0.021289292104022233,0.9570465060044911
2014-05-20,-0.02633289437938143,0.9547214726629996
2014-05-21,-0.027968532114281262,0.9532420777712305
2014-05-22,-0.025675124618337153,0.9549127690128804
2014-05-23,-0.02772268057266573,0.9566704506431177
2014-05-24,-0.041768927939250106,0.9575990890853566
2014-05-25,-0.045499036962423314,0.9587118073783776
2014-05-26,-0.04413112633385713,0.9591415591225516
2014-05-27,-0.043330192866623846,0.9602912364802365
2014-05-28,-0.04370975564865876,0.9608042786644138
2014-05-29,-0.04417673750006782,0.9608775188929787
2014-05-30,-0.04567890464937512,0.9622408047011458
2014-05-31,-0.04911044712575906,0.9619642732739248
2014-06-01,-0.04685455356300089,0.9608411210292036
2014-06-02,-0.048329915465303526,0.9601682299428647
2014-06-03,-0.04741298838943141,0.9594097437063269
2014-06-04,-0.047720636381830474,0.9590317167944563
2014-06-05,-0.04794505095262812,0.9596317453181338
2014-06-06,-0.04792704684206109,0.9596062574081192
2014-06-07,-0.04678872318515328,0.9595003710148962
2014-06-08,-0.04319214455094923,0.9598462123475229
2014-06-09,-0.041045854727167645,0.9609537123803497
2014-06-10,-0.03863612906518067,0.9620260746260457
2014-06-11,-0.039430780389020426,0.9615446170441667
2014-06-12,-0.03940452328562644,0.9615415929703599
2014-06-13,-0.040723110225395084,0.960764457505187
2014-06-14,-0.04202707049996843,0.9593682783970334
2014-06-15,-0.044647397038251845,0.9584157248264438
2014-06-16,-0.04429934980501614,0.9573870494905985
2014-06-17,-0.04573563966637882,0.9561856946216751
2014-06-18,-0.04579645677540445,0.9554163369413864
2014-06-19,-0.04474846268761342,0.956748052898945
2014-06-20,-0.039998639712223547,0.9576869328647974
2014-06-21,-0.04300175260623247,0.9578919522756559
2014-06-22,-0.04355096782422631,0.9570542509839617
2014-06-23,-0.04245112195769482,0.9569681494398301
2014-06-24,-0.041855506682138284,0.9573358453852021
2014-06-25,-0.04166802854064368,0.9577680946716731
2014-06-26,-0.04229743511575601,0.9574909211031012
2014-06-27,-0.04303776743219104,0.9567368203475706
2014-06-28,-0.043669103525586374,0.9570466485101974
2014-06-29,-0.04216310463653887,0.9575710022780353
2014-06-30,-0.040736050673205626,0.9586311566481955
2014-07-01,-0.038797709807385054,0.9593784450107099
2014-07-02,-0.037319933184642134,0.9602742256137865
2014-07-03,-0.03554335265257086,0.9609218200238059
2014-07-04,-0.032287061456617895,0.9617899878266499
2014-07-05,-0.031833476450852466,0.962491645202532
2014-07-06,-0.030695730553594317,0.962601655770245
2014-07-07,-0.03056919073529526,0.9629076376463385
2014-07-08,-0.02969861321606835,0.963456273384119
2014-07-09,-0.02876509185933477,0.9636443251997951
2014-07-10,-0.02752518030040494,0.9643065811150409
2014-07-11,-0.030726115685279626,0.9651861949165097
2014-07-12,-0.03128160576222835,0.9659742215551747
2014-07-13,-0.03336479017716318,0.9661742677496261
2014-07-14,-0.03232312228271512,0.9662006579125302
2014-07-15,-0.0329836724768268,0.9664453611382597
2014-07-16,-0.03372241511730576,0.9661663802249648
2014-07-17,-0.036810174766424376,0.9651636671616775
2014-07-18,-0.0387897044690741,0.9646114802771489
2014-07-19,-0.03910370712599658,0.9642072623642611
2014-07-20,-0.04003737839963384,0.9637328926842987
2014-07-21,-0.03788796296455678,0.9642993781509523
2014-07-22,-0.036561090945890176,0.965296508122387
2014-07-23,-0.035883327043030315,0.9650916431157626
2014-07-24,-0.03242127739071064,0.9661655080615772
2014-07-25,-0.030138610187924516,0.9675475469085076
2014-07-26,-0.029656716457326152,0.9684567382119923
2014-07-27,-0.03029575105228423,0.9682779534766612
2014-07-28,-0.03000421852204509,0.968658935187413
2014-07-29,-0.02817627190601122,0.9691967693010829
2014-07-30,-0.029657142503587253,0.9693921306561544
2014-07-31,-0.03106975682263522,0.969310220121023
2014-08-01,-0.02922044728209255,0.9696160686396177
2014-08-02,-0.027436528155348097,0.9703534782017532
2014-08-03,-0.026844929024842406,0.9711666578889776
2014-08-04,-0.02512205455997563,0.9719961271363212
2014-08-05,-0.02365258555802829,0.97248283477234
2014-08-06,-0.023053413475671455,0.9725170275702005
2014-08-07,-0.022189393957747446,0.9727644375358057
2014-08-08,-0.024787252824694583,0.9733360671309026
2014-08-09,-0.02446545303299025,0.9738421445522821
2014-08-10,-0.02530911609273965,0.9736703865010078
2014-08-11,-0.024544737370269125,0.9737548456853632
2014-08-12,-0.025765930355419166,0.9739298300461549
2014-08-13,-0.0255837465899651,0.974088448000728
2014-08-14,-0.025445209874395955,0.9741211850129887
2014-08-15,-0.02601937483444794,0.974428717274044
2014-08-16,-0.024803480588900844,0.9745979680041438
2014-08-17,-0.026598667143582555,0.9745654467257143
2014-08-18,-0.025583422086908836,0.9747011102434883
2014-08-19,-0.025695348535450985,0.9749396105231718
2014-08-20,-0.025877641925045172,0.9752774487049941
2014-08-21,-0.024818308306671727,0.9752054083160357
2014-08-22,-0.02366997691672797,0.9755331391426979
2014-08-23,-0.01983556215006583,0.9755737407091705
2014-08-24,-0.018905587847176546,0.9757846495532622
2014-08-25,-0.018434109101962495,0.9758561221494874
2014-08-26,-0.018494770899296322,0.9760532371170054
2014-08-27,-0.01810269899344516,0.9761051460039702
2014-08-28,-0.017431049083022485,0.9761218759623649
2014-08-29,-0.0155466977066643,0.9759453645464224
2014-08-30,-0.014624638061575174,0.9759004240870667
2014-08-31,-0.013363000449141127,0.9761438506891293
2014-09-01,-0.014790052788469841,0.9761628010495879
2014-09-02,-0.007316548738899372,0.976249266785331
2014-09-03,-0.008217452269848475,0.9763651675271633
2014-09-04,-0.006508805970135336,0.9760406317091924
2014-09-05,-0.004075232404850697,0.9759286221899401
2014-09-06,-0.003961066112512185,0.9761360871346716
2014-09-07,-0.0043179716545952125,0.9760608776807227
2014-09-08,-0.006367153566708452,0.9762704029216459
2014-09-09,-0.006589829482610301,0.9761575808704388
2014-09-10,0.001676076114971564,0.9757630515179665
2014-09-11,0.003053494199494927,0.9754982457910881
2014-09-12,0.004603409188331673,0.9754445412151989
2014-09-13,0.005742693413602498,0.9750675795851979
2014-09-14,0.005990725236621379,0.9747513351651083
2014-09-15,0.008293851637975748,0.9744576023966413
2014-09-16,0.009411888219989804,0.9741219570003324
2014-09-17,0.008832365769917366,0.9742487383754289
2014-09-18,0.006702361019943635,0.9748664342414025
2014-09-19,0.007500195028772128,0.9747961194830819
2014-09-20,0.008208534268770806,0.974320577605569
2014-09-21,0.007251098144390339,0.9742229166383047
2014-09-22,0.008061783287638428,0.9741538201804473
2014-09-23,0.008502695884037964,0.9739785312174332
2014-09-24,0.008389243761153763,0.9736496098154692
2014-09-25,0.010301096077428447,0.9732029614495551
2014-09-26,0.010161195740098614,0.9734631656331978
2014-09-27,0.009247546831093715,0.9741654885049716
2014-09-28,0.008039495223438825,0.9750298820114252
2014-09-29,0.010921428095651269,0.9754075363688186
2014-09-30,0.008528282338992374,0.9757115455425442
2014-10-10,0.01131156124745316,0.9763082057903747
2014-10-11,0.011456951690749085,0.9765559532804539
2014-10-12,0.011745616787326826,0.9765693864665131
2014-10-13,0.012731461787059492,0.9764706392718202
2014-10-14,0.014183727328153196,0.9760283440763187
2014-10-15,0.018182060973608288,0.9758263352507537
2014-10-16,0.018530265049699284,0.9754439611480638
2014-10-17,0.019696859183630424,0.9751624803275994
2014-10-18,0.019099816274475837,0.9754607179434451
2014-10-19,0.020685251152399175,0.9752413589893851
2014-10-20,0.021854135288683265,0.9745982375377924
2014-10-21,0.02208931107861647,0.9742249924698742
2014-10-22,0.02100951134333246,0.9736765195822794
2014-10-23,0.021079778426985617,0.9733070488696265
2014-10-24,0.021658520433517583,0.97286014061585
2014-10-25,0.0220940484454604,0.9734509921287055
2014-10-26,0.022620663618360348,0.9742982037649233
2014-10-27,0.024179781991526723,0.9735697224943815
2014-10-28,0.025738183978111024,0.9727420650654784
2014-10-29,0.027418573771689714,0.9720015894298136
2014-10-30,0.027404881893245855,0.9713398698802427
2014-10-31,0.028262230429328183,0.9709021372363797
2014-11-04,0.0279862142500001,0.9696276809893211
2014-11-05,0.02649839383188698,0.9690255260761678
2014-11-06,0.02550095570258822,0.9686863659170567
2014-11-07,0.02631537359601989,0.9684142280316829
2014-11-08,0.0260467895292445,0.9685927599981191
2014-11-09,0.025999912531861,0.9685297623187871
2014-11-10,0.02665009714597391,0.9691658370897409
2014-11-11,0.024580075305491958,0.9694852677246775
2014-11-12,0.022472273559046626,0.9700688275254336
2014-11-13,0.02187483364028472,0.9699163251213891
2014-11-14,0.02331117767828371,0.9696137113746769
2014-11-15,0.023883743750043207,0.9701638501792682
2014-11-16,0.023904848687407255,0.9707974424040667
2014-11-17,0.025343463671642242,0.9704482258088797
2016-07-28,0.15964958076880528,0.9197782355651081
2016-07-29,0.11145283096747978,0.9411066869014003
2016-07-30,0.09089465251470819,0.9508213825938199
2016-07-31,0.11149339238971986,0.9587527370295863
2016-08-01,0.10915362680324883,0.9600372662871711
2016-08-02,0.10280583165102539,0.9655810728216532
2016-08-03,0.08479932686497023,0.9645791133352787
2016-08-04,0.04957331872122651,0.9648782515203816
2016-08-05,0.029938391696594208,0.9655777218082755
2016-08-06,0.024104409507675974,0.9682644215889407
2016-08-07,0.01803572362704508,0.9695774360840143
2016-08-08,0.017589615314687203,0.9707307362122002
2016-08-09,0.012347737625471786,0.9716406721813617
2016-08-10,0.012640470209775663,0.9715134620008662
2016-08-11,0.013444663182646794,0.9716076063835762
2016-08-12,0.011439931452708052,0.9715234713554537
2016-08-13,0.012760981495569387,0.971836764454111
2016-08-14,0.019978547084551813,0.9734086679153466
2016-08-15,0.02089452087680268,0.9749219736921635
2016-08-16,0.020974752189130957,0.9777003369284051
2016-08-17,0.01584575738711306,0.9798749472724617
2016-08-18,0.014322113895044744,0.9796650243465996
2016-08-19,0.012563775106970926,0.979580505484654
2016-08-20,0.014672974517797567,0.9794868118278839
2016-08-21,0.015591888972047366,0.9801177690670908
2016-08-22,0.015300767688108055,0.9801311414456859
2016-08-23,0.015390059226361408,0.9804707445567784
2016-08-24,0.010846746084303319,0.9794449192744226
2016-08-25,0.006072711184961318,0.9792978233699129
2016-08-26,0.0035160856606937787,0.9789020189837371
2016-08-27,0.003113775910909277,0.9785513450392225
2016-08-28,0.002825803093569297,0.9791382353226014
2016-08-29,0.0018617781951961482,0.9785161176588253
2016-08-30,6.449070114981247e-5,0.9770776132725576
2016-08-31,-0.001299026260352557,0.9762947689149796
2016-09-01,-0.0029263517665486277,0.9757889915991447
2016-09-02,-0.004253596614732069,0.974921398626633
2016-09-03,-0.00656016725962586,0.9766876560557115
2016-09-04,-0.00796215026369494,0.9785023543476832
2016-09-05,-0.008399919614225745,0.9795015417599128
2016-09-06,-0.01118793217246558,0.9795245900235862
2016-09-07,-0.011420694199529397,0.9794066308538718
2016-09-08,-0.009596384892370727,0.9792647922867728
2016-09-09,-0.007492448180130372,0.979394420114392
2016-09-10,-0.007797739004757195,0.9795562792272225
2016-09-11,-0.00703174907295638,0.9809111132382718
2016-09-12,-0.008670322024438798,0.9818735162124592
2016-09-13,-0.009918202934734558,0.9825188364844082
2016-09-14,-0.011436987850150664,0.9828735016543025
2016-09-15,-0.012342955520153194,0.9827516790759179
2016-09-16,-0.012200716687414794,0.9827520819298283
2016-09-17,-0.01069885853358364,0.9827104923669538
2016-09-18,-0.005847851644599234,0.9830488444384349
2016-09-19,-0.006053078982684302,0.9830168693827829
2016-09-20,-0.006986084698595453,0.983067923252231
2016-09-21,-0.0072168893517154595,0.9830260944357265
2016-09-22,-0.007888445910837238,0.9835609511583988
2016-09-23,-0.010794465052266345,0.9837286422937609
2016-09-24,-0.010633457830555556,0.9838676182796178
2016-09-25,-0.00790394551860788,0.9843237157238818
2016-09-26,-0.007577846037020979,0.9845192103197572
2016-09-27,-0.009763861386722125,0.9845008762661296
2016-09-28,-0.011638989654330944,0.9844409887754244
2016-09-29,-0.012394027084121116,0.9843647252887882
2016-09-30,-0.01242587509764306,0.9843448502549177
2016-10-01,-0.01208722316250593,0.9845988627262325
2016-10-02,-0.01068673765517764,0.985269604978741
2016-10-03,-0.010366633887246525,0.9857312929900728
2016-10-04,-0.010786630094226328,0.9860244184475855
2016-10-05,-0.013447753613478663,0.9860429684791154
2016-10-06,-0.013542924060560433,0.9860616981967323
2016-10-07,-0.013479695520903463,0.9860766246205395
2016-10-08,-0.014238316700843384,0.986060329703333
2016-10-09,-0.012024503250867161,0.9860196987779138
2016-10-10,-0.012903178648839102,0.9857794343423245
2016-10-11,-0.01429981672204044,0.9859953308961824
2016-10-12,-0.014260284354328552,0.9860765437720136
2016-10-13,-0.01492208319553325,0.9860667919052788
2016-10-14,-0.014972250713480698,0.9862367302354833
2016-10-15,-0.0170165864403224,0.9866100583195668
2016-10-16,-0.01408490441889703,0.987115444390446
2016-10-17,-0.013598225433107333,0.9874914634739734
2016-10-18,-0.014334610658352061,0.9874725816188781
2016-10-19,-0.016089803755595322,0.9874854856078721
2016-10-20,-0.01719845077792562,0.9875477394549728
2016-10-21,-0.01984769350716826,0.987453856538109
2016-10-22,-0.02002438607909469,0.9876180779233623
2016-10-23,-0.014640815193210473,0.987968069618607
2016-10-24,-0.01288173649996271,0.9879001565248677
2016-10-25,-0.01297466910118871,0.9878232878538906
2016-10-26,-0.015209739401901429,0.9877898785534749
2016-10-27,-0.013667991928197214,0.987718054697994
2016-10-28,-0.013717900646515367,0.9879228767218733
2016-10-29,-0.014830111327748492,0.9878722970170678
2016-10-30,-0.016368333220867042,0.9881918996549366
2016-10-31,-0.016526424901458982,0.9883706930800048
2016-11-01,-0.015089596231240744,0.9886652537684969
2016-11-02,-0.012833050300989994,0.9887077137377287
2016-11-03,-0.012257493237859312,0.9887154239304743
2016-11-04,-0.0111798165282553,0.9885991911308464
2016-11-05,-0.009674786527116288,0.9885186040496958
2016-11-06,-0.008833436490088666,0.9888185479893413
2016-11-07,-0.004208244488767318,0.9886808263292787
2016-11-08,-0.004218202494489082,0.9886887180626752
2016-11-09,-0.0049523635525726955,0.9887337399442532
2016-11-10,-0.003809503244365991,0.9887297918296228
2016-11-11,-0.00424569866904796,0.9886873810514745
2016-11-12,-0.004067006576296794,0.9883765769508998
2016-11-13,-0.0032361495107854745,0.9885318290090787
2016-11-14,-0.002804602468903007,0.9883074222968828
2016-11-15,-0.00046178035760145817,0.9881500005169632
2016-11-16,0.0002734906828107764,0.9883407418670652
2016-11-17,0.0005701171070893094,0.9884867054064006
2016-11-18,-0.0001510253957623518,0.988419270469623
2016-11-19,0.0006028764906664974,0.9883088614198556
2016-11-20,0.0013096755150275707,0.9884345959040323
2016-11-21,0.001265438969616678,0.988492985592789
2016-11-22,0.0029358760285725805,0.9887041246481482
2016-11-23,0.0039060121970210973,0.9887259439857087
2016-11-24,0.004878198342248045,0.9890415992965604
2016-11-25,0.005582767145024432,0.989123609289253
2016-11-26,0.006024274117060373,0.9890163634196368
2016-11-27,0.006325311678899238,0.9893207555193839
2016-11-28,0.009174597834700177,0.9893128601799037
2016-11-29,0.010482834633932651,0.9893417589969373
2016-11-30,0.011443074588315847,0.9894121442284488
2016-12-01,0.01144962994579281,0.9894095757076601
2016-12-02,0.011814962371293569,0.9893069922728962
2016-12-03,0.011117252373873142,0.9892311875508121
2016-12-04,0.011631386927881824,0.9890315055539337
2016-12-05,0.012133556797643016,0.9890866257134915
2016-12-06,0.014444627029753127,0.9893410379318286
2016-12-07,0.015481562833933465,0.9893233582576613
2016-12-08,0.014080766729754394,0.9893068172378322
2016-12-09,0.015154578836235836,0.9892556567432981
2016-12-10,0.014873607737890341,0.9890594702007527
2016-12-11,0.01353460373068493,0.9891819726008932
2016-12-12,0.01305529618135442,0.989167788204909
2016-12-13,0.01311498812421667,0.9892285391917842
2016-12-14,0.013867408226921075,0.9891778693605582
2016-12-15,0.016630064801230228,0.9890531908601244
2016-12-16,0.015046602384146296,0.9889219426842841
2016-12-17,0.012383920483216414,0.9885756290275739
2016-12-18,0.013493823609559343,0.988908002314948
2016-12-19,0.014344410391178055,0.9889287702870339
2016-12-20,0.016731436637802972,0.9890769893163981
2016-12-21,0.01724956893144673,0.9892059997772947
2016-12-22,0.018602512391134904,0.9892952713956952
2016-12-23,0.01959885780517683,0.9891292259308012
2016-12-24,0.01869070609040344,0.9889650050802492
2016-12-25,0.020174688159619873,0.9888102366158932
2016-12-26,0.022873201527112568,0.9888617703535306
2016-12-27,0.022902595068008166,0.9890616351770923
2016-12-28,0.023750029985105062,0.9891181327526205
2016-12-29,0.02575437200438384,0.9890879255777489
2016-12-30,0.026516516245225587,0.9889445007135269
2016-12-31,0.025119225260240016,0.9888520749556983
2017-01-01,0.025399049807012828,0.9888859247511934
2017-01-02,0.024380187965695226,0.9886809219618632
2017-01-03,0.026346576943277106,0.9883789737964195
2017-01-04,0.024198978588597594,0.9879547300511093
2017-01-05,0.020261234910787945,0.9875475039733747
2017-01-06,0.017330190151471525,0.9868713348290816
2017-01-07,0.016462916418485518,0.9866554167145211
2017-01-08,0.017002237376369286,0.9866108034315451
2017-01-09,0.016768022584501323,0.9861158606577957
2017-01-10,0.017371319599949295,0.9859192924268597
2017-01-11,0.017421345158035506,0.9852289331776677
2017-01-12,0.017222400865720126,0.984787713160772
2017-01-13,0.019139375661248795,0.9853950743035915
2017-01-14,0.02084351487652215,0.9861417794560946
2017-01-15,0.025733926950226815,0.9869744219469279
2017-01-16,0.026533985507226972,0.9869658135501173
2017-01-17,0.0287915326501681,0.9869544061675783
2017-01-18,0.028359993208220885,0.9867523499463664
2017-01-19,0.02815991502585357,0.9862358225156214
2017-01-20,0.027764028090095153,0.9859394969945979
2017-01-21,0.026065949915999382,0.9854221961286929
2017-01-22,0.026954485652200245,0.9850713438315177
2017-01-23,0.027195667309568048,0.9842509222014278
2017-01-24,0.02681168641642732,0.983687441268111
2017-01-25,0.026121056157714595,0.9837166274707001
2017-01-26,0.026346951275721033,0.9841428097116882
2017-01-27,0.02671930014426771,0.9841404122827755
2017-01-28,0.03170168822903019,0.9844549322269762
2017-01-29,0.03298161044459302,0.9851367725936385
2017-01-30,0.0321654752532861,0.9855969998474464
2017-01-31,0.03267234539253581,0.9857217475442526
2017-02-01,0.032189546367157186,0.986044856120948
2017-02-02,0.02988274886364798,0.9855404028939915
2017-02-03,0.028121298794912472,0.9852433290969206
2017-02-04,0.026494792806030967,0.9849016172698283
2017-02-05,0.025633788898644382,0.985386776087522
2017-02-06,0.024634628791722003,0.9848116151407946
2017-02-07,0.0242560930260362,0.9840832062524778
2017-02-08,0.02087582606138696,0.9836143461724829
2017-02-09,0.021407920696023933,0.9834206199831423
2017-02-10,0.01950503782586686,0.982760428400131
2017-02-11,0.018510842113322334,0.9813819058230872
2017-02-12,0.015844941956947776,0.9811904293014038
2017-02-13,0.015118121639948506,0.981180384175379
2017-02-14,0.01616221630559916,0.982128497318155
2017-02-15,0.016817853060330314,0.9827530705839981
2017-02-16,0.017984568263782637,0.9822840517132219
2017-02-17,0.014685672809614055,0.9813811774383163
2017-02-18,0.014383332003342856,0.9815785783289818
2017-02-19,0.01445649806463514,0.9815215785692968
2017-02-20,0.015843026073662923,0.980417240787522
2017-02-21,0.016608486370511502,0.979926344404174
2017-02-22,0.0156980832748788,0.9786557346758287
2017-02-23,0.013525820116614407,0.9770817871499997
2017-02-24,0.012783360986049703,0.9773980637747717
2017-02-25,0.010362109160632708,0.9784341097043826
2017-02-26,0.01212296980337865,0.9784319738179988
2017-02-27,0.011891686284269714,0.9772937543629366
2017-02-28,0.014259844238339644,0.9760320140222849
2017-03-01,0.016181252588360936,0.9760868108190004
2017-03-02,0.015625219823970617,0.9764559718647039
2017-03-03,0.015949736190695323,0.9774017444200336
2017-03-04,0.009942985426469639,0.9766791259382529
2017-03-05,0.011822489960930561,0.9763180791287638
2017-03-06,0.016323279203781276,0.9762257677058285
2017-03-07,0.012824277449174155,0.9773382700600283
2017-03-08,0.01385845515463559,0.9773698553057274
2017-03-09,0.012483831002893459,0.9774932564770918
2017-03-10,0.011528892013416905,0.9781394749839986
2017-03-11,0.011370438879490628,0.979671529969751
2017-03-12,0.012190492419233352,0.9807459411137213
2017-03-13,0.013522100229358588,0.9816491217856603
2017-03-14,0.013242921182597274,0.9820795300669948
2017-03-15,0.009388875721893146,0.982570221135401
2017-03-16,0.009491054461804944,0.9835725694967411
2017-03-17,0.019108027293907044,0.9844984332042703
2017-03-18,0.017083855536493445,0.9844860386513852
2017-03-19,0.015031771346976095,0.9842953362663845
2017-03-20,0.014734608379148934,0.9838051093430942
2017-03-21,0.004089016477149933,0.9828705647948301
2017-03-22,0.0024787752488907113,0.9817241119040252
2017-03-23,0.00021295449897468878,0.9817780716845973
2017-03-24,0.001215269126965177,0.9831493576629753
2017-03-25,-0.0016670360504457027,0.9837820403649167
2017-03-26,-0.004592902441129318,0.9837763131322301
2017-03-27,-0.006448221544431436,0.9830200794067993
2017-03-28,-0.007509572217300012,0.9826347066313822
2017-03-29,-0.009076191456160794,0.982513745217045
2017-03-30,-0.011160317354285553,0.9816046050983519
2017-03-31,-0.011336066472649968,0.9814787944695964
2017-04-01,-0.012321706299091215,0.9823081954001891
2017-04-02,-0.010937161421829272,0.9831488440193837
2017-04-03,-0.012412699996924879,0.9835930756441248
2017-04-04,-0.01172100389428232,0.9842818922535591
2017-04-05,0.011511592982195581,0.9852119355677329
2017-04-06,0.009762814003928377,0.9857854523118178
2017-04-07,-0.0029949203905366806,0.985052898609753
2017-04-08,-0.017343271864266784,0.9843274977868285
2017-04-09,-0.00414323649149398,0.984903307667817
2017-04-10,-0.0040742553289678405,0.9853072443689105
2017-04-11,0.005781289581989541,0.9858105597006279
2017-04-12,0.004812515662083087,0.9863403324490735
2017-04-13,-0.006997522129286633,0.9857503459592819
2017-04-14,-0.00870696846625655,0.9855231993470658
2017-04-15,-0.019957836897619593,0.9856857799916804
2017-04-16,-0.01823815776412972,0.9862996943960934
2017-04-17,-0.018522813318783592,0.9857893422642802
2017-04-18,-0.020501307475743188,0.9854217155150136
2017-04-19,-0.020967236485137323,0.9859259598391
2017-04-20,-0.020369170709605807,0.98619073583976
2017-04-21,-0.020008562116516738,0.9868513215938931
2017-04-22,0.002376398318843543,0.9874087562732365
2017-04-23,0.0029417330671701793,0.9876203382100066
2017-04-24,0.002530478455280632,0.987571712834383
2017-04-25,0.0024560250036897045,0.9869988834748171
2017-04-27,-0.01472680707770096,0.9866109870477924
2017-04-28,-0.020057422163786153,0.9866867270749032
2017-04-29,-0.020061152911434045,0.9866444614284391
2017-04-30,-0.01864164232902699,0.9867561017040948
2017-05-01,-0.012840487645370918,0.9866762413691297
2017-05-02,-0.018192039487131,0.9867259747362898
2017-05-03,-0.029796406084642013,0.9870912072672504
2017-05-04,-0.01643372914949973,0.9873917604230256
2017-05-05,-0.031729109639386306,0.9877387475234367
2017-05-06,-0.033002751607201966,0.9872939903913169
2017-05-07,-0.03340716480416341,0.9872432141335589
2017-05-08,-0.03406125967219888,0.9877052109763632
2017-05-09,-0.020770409192453876,0.9879076809522449
2017-05-10,-0.033227527980415256,0.9881853902389782
2017-05-11,-0.03411096625583775,0.9887653571080584
2017-05-12,-0.034714909816209706,0.9889960890128096
2017-05-13,-0.03449984419644675,0.9888109422719507
2017-05-14,-0.03654842346501709,0.988492541128925
2017-05-15,-0.040388117571584864,0.9881241198899514
2017-05-16,-0.04228189610621119,0.9876006626322767
2017-05-17,-0.04276231318267277,0.9873731234631552
2017-05-18,-0.04179533633570161,0.9876491816743604
2017-05-19,-0.040994079953941755,0.9877419979891333
2017-05-20,-0.03259999872459317,0.9881599723547883
2017-05-21,-0.03203682158549942,0.9885882742480328
2017-05-22,-0.028987013886425526,0.9887044597657435
2017-05-23,-0.029108499246419926,0.9889072997623728
2017-05-24,-0.020376741330262117,0.9889958410293129
2017-05-25,-0.019087361155177323,0.9887805933353434
2017-05-26,-0.03024920412471422,0.9885805777416887
2017-05-27,-0.02203982518471905,0.9888302069667129
2017-05-28,-0.02140800792525885,0.9893956125311774
2017-05-29,-0.023475517533835536,0.98962202724939
2017-05-30,-0.02297896114942841,0.9896914685044585
2017-05-31,-0.024251530544630025,0.9897951278348387
2017-06-01,-0.021171506535908373,0.9898322470196714
2017-06-02,-0.023262904849558556,0.990180191778721
2017-06-03,-0.025511035436994928,0.9903666967888548
2017-06-04,-0.025209643834235674,0.9904806219235018
2017-06-05,-0.023689484023074373,0.9903977767271189
2017-06-06,-0.025398555271190924,0.9904546564525275
2017-06-07,-0.023269402794499544,0.9904836053083059
2017-06-08,-0.023267619961665015,0.9901347392605623
2017-06-10,-0.019914916385136622,0.9895361660148693
2017-06-11,-0.01293421712179783,0.9890609115716998
2017-06-12,-0.034771725439974324,0.9885201323676115
2017-06-13,-0.031835049910160125,0.9885195758357596
2017-06-14,-0.01927647801042938,0.9885584921972947
2017-06-15,-0.021139644038974618,0.9886019638956991
2017-06-16,-0.03138601148333727,0.988713019125589
2017-06-17,-0.010433431765729933,0.9888321666077795
2017-06-18,-0.009347664106900662,0.9888398673842516
2017-06-19,-0.006073085061879955,0.9892158886836462
2017-06-20,-0.008666455147822995,0.9894522972217756
2017-06-21,-0.010595937779728795,0.9895157295914526
2017-06-22,-0.009627981979264096,0.9894328881921561
2017-06-23,-0.012159590459831556,0.9896269752575393
2017-06-24,-0.010047970323369595,0.9895880564715085
2017-06-25,-0.010201494950372725,0.9893986978133067
2017-06-26,-0.011529331525566134,0.9893574144290593
2017-06-27,-0.01136125283277336,0.9889312730268274
2017-06-28,-0.0034601250253436847,0.9887620836341439
2017-06-29,-0.011376103860772799,0.988764878921286
2017-06-30,-0.00436958361215088,0.9886533940824391
2017-07-01,-0.013732347093617186,0.9887332742814995
2017-07-02,-0.006209591070208481,0.9888715420104994
2017-07-03,-0.0071995370250049606,0.9885391237796896
2017-07-04,-0.012380517654977278,0.9875382975847009
2017-07-05,-0.012068746814892981,0.9871358132369944
2017-07-06,-0.010265778604226526,0.9875619067490211
2017-07-07,-0.00993171285420142,0.9878629140417596
2017-07-08,-0.009309567773266221,0.987930951022892
2017-07-09,-0.008177514292580214,0.9879902435754239
2017-07-10,-0.006660983508221269,0.9879480296827126
2017-07-11,-0.007395923577977578,0.9877449124699326
2017-07-12,-0.008909885793318046,0.987845322203453
2017-07-13,-0.010141179522960977,0.9878622921753072
2017-07-14,-0.012006820705106998,0.9878920137877071
2017-07-15,-0.02331756357968384,0.9878824550882334
2017-07-16,-0.023344711158598028,0.9879783124501883
2017-07-17,-0.023970897773847453,0.9880960836843916
2017-07-18,-0.02427035775764484,0.9882304084775128
2017-07-19,-0.026728712841005337,0.9881239430655181
2017-07-20,-0.027687165067149088,0.9880596391133687
2017-07-21,-0.030680973803265853,0.9877859855413482
2017-07-22,-0.03417826633688912,0.9879145878305939
2017-07-23,-0.030145300646984348,0.9880274955666478
2017-07-24,-0.031378961020991095,0.9880404707115907
2017-07-25,-0.03098946312629743,0.9880231653085011
2017-07-26,-0.030682803200596184,0.9878715717165047
2017-07-27,-0.030156612685624914,0.9874516819721535
2017-07-28,-0.027298926937249578,0.9868492758696401
2017-07-29,-0.026093042669788624,0.9852406292098479
2017-07-30,-0.02696714695608811,0.9850652979334307
2017-07-31,-0.026104552932869347,0.9836022484228176
2017-08-01,-0.025737746841647712,0.9833444827009776
2017-08-02,-0.023350483902195983,0.9830547794282987
2017-08-03,-0.022873890414807484,0.9831572161533658
2017-08-04,-0.023571491961614607,0.9831765883742998
2017-08-05,-0.02411222422170834,0.9831496582730535
2017-08-06,-0.02479750615457202,0.9827431078097043
2017-08-07,-0.022984697507875615,0.9819569761123169
2017-08-08,-0.021048083659975316,0.9812780497251493
2017-08-09,-0.012740354449016162,0.9805430002054562
2017-08-10,-0.01343372483120049,0.9797426610155955
2017-08-11,-0.014240798079806652,0.9799990588607962
2017-08-12,-0.023273703060677827,0.980304413562014
2017-08-13,-0.023163163339705885,0.9804199525215762
2017-08-14,-0.022323222047008245,0.9803432341300635
2017-08-15,-0.01257399796495339,0.9802011335067277
2017-08-16,-0.02533496299268521,0.9799217163968053
2017-08-17,-0.026891247984900727,0.9797704247999499
2017-08-18,-0.028500020448959232,0.979268822734927
2017-08-19,-0.02678802150258792,0.9790862572060992
2017-08-20,-0.029320669527062696,0.9788489422071553
2017-08-21,-0.029167384611018893,0.9787559758777584
2017-08-22,-0.029435834362375474,0.9789533222812845
2017-08-23,-0.030695530248758027,0.979135986477104
2017-08-24,-0.030946745715979468,0.9794847761685271
2017-08-25,-0.0306250147682283,0.9798134879031628
2017-08-26,-0.029393907344813803,0.9798916793655155
2017-08-27,-0.028079772293979666,0.979954945840762
2017-08-28,-0.02561666283893253,0.9795991734500951
2017-08-29,-0.015541283045311905,0.979458992577207
2017-08-30,-0.024602105982047515,0.9796074541042634
2017-08-31,-0.023584574967003346,0.9798432445905217
2017-09-01,-0.024324758018198903,0.9797345727866787
2017-09-02,-0.025026368892486776,0.9797935141044152
2017-09-03,-0.025557017554254643,0.9797742375115385
2017-09-04,-0.02270400436771041,0.9797863936231131
2017-09-05,-0.025191975401643123,0.9799755255980155
2017-09-06,-0.024602618932373407,0.9799281362544893
2017-09-07,-0.028216741557660456,0.9802421197702713
2017-09-08,-0.028822902623785743,0.9805922518693281
2017-09-09,-0.03015987247722592,0.9807581069085565
2017-09-10,-0.026757060208605615,0.9810114548636364
2017-09-11,-0.025735710451336245,0.9812571110288179
2017-09-12,-0.026219025781164827,0.9814158800930264
2017-09-13,-0.026265624309620157,0.9814036712203988
2017-09-14,-0.027585123544643368,0.9813600556202096
2017-09-15,-0.02745469791556269,0.9811023113113632
2017-09-16,-0.028573981395168334,0.9810864803386542
2017-09-17,-0.02840505734169143,0.9812673267880561
2017-09-18,-0.025768450588167267,0.9814830867956358
2017-09-19,-0.0249296385641217,0.981534196752147
2017-09-20,-0.02414861094683504,0.9816116841307757
2017-09-21,-0.023079585969929695,0.9815768407128932
2017-09-22,-0.02313818591692274,0.9813685877149377
2017-09-23,-0.02330825494760695,0.9815652318479821
2017-09-24,-0.021517669112800748,0.9818349904103698
2017-09-25,-0.022504243314318703,0.9822136954388535
2017-09-26,-0.023058062747737616,0.9825436610843702
2017-09-27,-0.02294322821689705,0.9826423070891112
2017-09-28,-0.02241081708413196,0.9826806062417255
2017-09-29,-0.021659610281928397,0.9825448743334134
2017-09-30,-0.02473289541730821,0.9823908550516417
2017-10-01,-0.02094210725959717,0.9825996577630823
2017-10-02,-0.022388953332166443,0.9834688185854953
2017-10-03,-0.02276741499197905,0.9837187360553092
2017-10-04,-0.021957723936494075,0.9836449070846719
2017-10-05,-0.02248174792506423,0.983376144254826
2017-10-06,-0.02216958434902328,0.9834374468453873
2017-10-07,-0.02321415154319204,0.9833961856571773
2017-10-08,-0.022169623137740485,0.9832351455439791
2017-10-09,-0.02135604571996408,0.9830504164987892
2017-10-10,-0.01909018072658573,0.9829732339982659
2017-10-11,-0.019909266223881016,0.9828448644742791
2017-10-12,-0.019264241773976697,0.9825493962822797
2017-10-13,-0.016327160905654062,0.9824142369657894
2017-10-14,-0.019113406463877068,0.9825529683923173
2017-10-15,-0.016973975358568035,0.9826471520140181
2017-10-16,-0.016995847425508432,0.9826071481668304
2017-10-17,-0.001615773404248346,0.9830540268388718
2017-10-18,-0.0007034211252100977,0.9830959318926225
2017-10-19,-0.0005365776824130961,0.9831813038963365
2017-10-20,0.002760475860085392,0.982830025938956
2017-10-21,-0.01164178657341102,0.9825122742337442
2017-10-22,-0.012566504434553408,0.9834576758842304
2017-10-24,-0.010584028822542078,0.9839217683807674
2017-10-25,-0.010980040162289812,0.9842209476417064
2017-10-26,-0.014705754228883334,0.9845976657350397
2017-10-27,-0.0050681861762810285,0.9853906174314676
2017-10-28,-0.0077976514235517875,0.985415158411753
2017-10-29,0.0029802317987961953,0.9859640134990768
2017-10-30,-0.006090083330717806,0.9857477637020312
2017-10-31,-0.005545334908925437,0.985514598538648
2017-11-01,-0.005140024576983697,0.9851573440732866
2017-11-02,-0.01793950159001133,0.9849322581034841
2017-11-03,-0.01732339732214575,0.9846793680024409
2017-11-04,-0.01681845080170182,0.9844326248654441
2017-11-05,-0.01687399520645573,0.9843598150484416
2017-11-06,-0.017396775629277817,0.9841495175234192
2017-11-07,-0.015728554566388976,0.9837220318715764
2017-11-08,-0.015291113314235962,0.9835956192081988
2017-11-09,-0.013595939522073136,0.9831284589490888
2017-11-10,-0.014748695796133755,0.9828708502100585
2017-11-11,-0.015811315401958004,0.9827073522266767
2017-11-12,-0.017180249551615945,0.9829059920528981
2017-11-13,-0.019475559597479944,0.9828598073890716
2017-11-14,-0.020684617907925907,0.9825795048130969
2017-11-15,-0.022668483403368658,0.9821986570382787
2017-11-16,-0.024035258520223684,0.9820896752865643
2017-11-17,-0.025169347895846822,0.9818320580276159
2017-11-18,-0.028597668017185808,0.9816708748531798
2017-11-19,-0.027389551108600585,0.9819064489244562
2017-11-20,-0.029090598191725714,0.9819845041142492
2017-11-21,-0.027994724853522994,0.9820190162062303
2017-11-22,-0.027373523945249743,0.9820234670370429
2017-11-23,-0.026304531531699798,0.982348087401472
2017-11-24,-0.02565913266893093,0.982250286706123
2017-11-25,-0.026695274490670638,0.9819471146295317
2017-11-26,-0.02593753423594124,0.9820515934095895
2017-11-27,-0.02647028881258776,0.982051962561126
2017-11-28,-0.027466090883953184,0.9820632168975408
2017-11-29,-0.029144821612795458,0.9818714245470923
2017-11-30,-0.028405398635295363,0.9817664392536654
2017-12-01,-0.03080342839965748,0.9811534044827036
2017-12-02,-0.03265549170796686,0.9808300877376899
2017-12-03,-0.03667976809230001,0.9806498961339427
2017-12-04,-0.036774566247718105,0.9802481217673327
2017-12-05,-0.03768250871718794,0.9802319414849936
2017-12-06,-0.03841319617797317,0.9800931530557543
2017-12-07,-0.03829636470069656,0.9800234544343099
2017-12-08,-0.036936736377628045,0.9800055862879711
2017-12-09,-0.03894091301281987,0.9795584579825299
2017-12-10,-0.04061655380399898,0.9800711912112087
2017-12-11,-0.03886601623350466,0.9802132101949379
2017-12-12,-0.03845364631292825,0.9805317458377885
2017-12-13,-0.03904282731798284,0.980435525769466
2017-12-14,-0.039703124108775405,0.9805564554165734
2017-12-15,-0.040305907773900466,0.9803204955271696
2017-12-16,-0.04122092840617544,0.9799921620295684
2017-12-17,-0.04048509242923051,0.9800355440801185
2017-12-18,-0.03909240245779088,0.9801634027187549
2017-12-19,-0.03905690327954271,0.980208588004435
2017-12-20,-0.03963007502598571,0.9802137503196398
2017-12-21,-0.03946934804797081,0.9802716752174848
2017-12-22,-0.04010739734423804,0.9799936753861885
2017-12-23,-0.04148952227119315,0.9797754233892821
2017-12-24,-0.03997297983138665,0.9804370782845936
2017-12-25,-0.039544291062510076,0.9808606148127978
2017-12-26,-0.038743746030229335,0.9812231599308961
2017-12-27,-0.03931563567047017,0.9814424579690834
2017-12-28,-0.03888212253011536,0.9818418097820579
2017-12-29,-0.03808074830627544,0.9815220061596608
2017-12-30,-0.03944702624830946,0.981112788149473
2017-12-31,-0.03962050774506021,0.9812523909682687
2018-01-01,-0.03824715910428814,0.9813731133941278
2018-01-02,-0.015307853158201991,0.9812224942544243
2018-01-03,-0.016226928203743142,0.9812557273439103
2018-01-04,-0.018574338217035958,0.9812895111400874
2018-01-05,-0.04066219510030072,0.9811567552098717
2018-01-06,-0.0420926658984991,0.9809714026022553
2018-01-07,-0.04128717615441338,0.9814281254160566
2018-01-08,-0.04298571197485626,0.9820589392166785
2018-01-09,-0.040388986358495374,0.9827589570158514
2018-01-10,-0.040849524701531414,0.9833661144181305
2018-01-11,-0.04131578141753776,0.9835817119947906
2018-01-12,-0.04182570224229499,0.9833258735061013
2018-01-13,-0.04016332377712243,0.9833162759963903
2018-01-14,-0.0390999163225377,0.983748150241955
2018-01-15,-0.03927624564891748,0.983883938719283
2018-01-16,-0.04002257624619649,0.984025817574593
2018-01-17,-0.040757636518986826,0.983799620382462
2018-01-18,-0.040894148792696663,0.9833650338259113
2018-01-19,-0.03918557908738499,0.983285274874177
2018-01-20,-0.04113473023111557,0.9836351899648847
2018-01-21,-0.03980456678221952,0.9839724322422562
2018-01-22,-0.03764610400884133,0.9840500934884198
2018-01-23,-0.03605282172998663,0.9844466649836024
2018-01-24,-0.03524063782928176,0.9847566269985789
2018-01-25,-0.035689743274747596,0.9852550423488001
2018-01-26,-0.0350107430159916,0.9854271835937537
2018-01-27,-0.035574491321742306,0.985416594249968
2018-01-28,-0.03328192211054756,0.9857120938700883
2018-01-29,-0.03280580798047033,0.9856577182915195
2018-01-30,-0.03055649178945556,0.9857174849492366
2018-01-31,-0.004269878301606698,0.9855133594140562
2018-02-01,-0.005689890791281397,0.9850505748573808
2018-02-02,-0.006079763742634978,0.9845455423060288
2018-02-03,-0.006785266346831111,0.9838324063599093
2018-02-04,-0.007344749946157227,0.9835787076076431
2018-02-05,-0.006320680449664094,0.983683873234538
2018-02-06,-0.0023523367543396632,0.9839327707483922
2018-02-07,-0.002616331487878175,0.9837934018623548
2018-02-08,-0.0017172389531990159,0.9832027588371435
2018-02-09,-0.0029516102890064363,0.9827791282998207
2018-02-10,-0.0028359380845268873,0.983448764234315
2018-02-11,-0.0009285037858961263,0.983520767238523
2018-02-12,-0.000203084885846558,0.9840229343655367
2018-02-13,0.0002248597531949799,0.9845069021127529
2018-02-14,-0.0010872751646261696,0.9840563001000374
2018-02-15,3.946780786052559e-5,0.9834415979443181
2018-02-16,0.0014600966403392895,0.9830712541735206
2018-02-17,0.0015443729590274658,0.9828424013741409
2018-02-18,0.003495384496827787,0.9834245755288812
2018-02-19,0.002936501166844786,0.9841106851319358
2018-02-20,0.0019672922471943542,0.9846247783478992
2018-02-21,0.001113953971307082,0.9846741899299276
2018-02-22,0.006684923281734642,0.9852569926785208
2018-02-23,0.004503393261821106,0.9859525126742902
2018-02-24,0.003607533787399153,0.9860479434775347
2018-02-25,0.004712327672193118,0.9861961933837444
2018-02-26,0.005138097498446904,0.9866402804139909
2018-02-27,0.0029675876829466834,0.9873785655550175
2018-02-28,0.000416608362124816,0.9878567456502502
2018-03-01,-0.0032122465416951312,0.9882206923581994
2018-03-02,-0.0021909344360575493,0.9887359060549998
2018-03-03,-0.0018947685753728904,0.988807791438442
2018-03-04,0.0014884115524164913,0.9890945866760813
2018-03-05,-0.0013192423638577813,0.9891043018512223
2018-03-06,0.0009173455173995653,0.9891132387474311
2018-03-07,0.004076688139144954,0.9888948867114492
2018-03-08,0.005349097791692563,0.9888548137769771
2018-03-09,0.003787000174408442,0.9892741916711574
2018-03-10,0.0018808427638227893,0.9897146978352236
2018-03-11,0.003454605383372785,0.9900487703149411
2018-03-12,0.0028887281439404933,0.9900783359027611
2018-03-13,0.0025248022470929516,0.9902189856693535
2018-03-14,0.0019914532075562237,0.9904672437086695
2018-03-15,0.0031053582216516227,0.9907448880119503
2018-03-16,-0.005895963780228621,0.9907748654025837
2018-03-17,-0.007265051577453564,0.9908042563679244
2018-03-18,-0.01428604664660117,0.9909070655608994
2018-03-19,-0.009647798590452086,0.9908807270272988
2018-03-20,-0.007688600367089377,0.9908340329620245
2018-03-21,-0.010965542554380469,0.9908294101027056
2018-03-22,-0.013741690203771152,0.9907852357408393
2018-03-23,-0.02389581931728024,0.9908250374979514
2018-03-24,-0.023586497723292542,0.990782880531602
2018-03-25,-0.024136613488551763,0.9907444269063583
2018-03-26,-0.027144206622927717,0.9905669405068975
2018-03-27,-0.022416392398151186,0.9904718069669649
2018-03-28,-0.02240201395964116,0.9905758792303587
2018-03-29,-0.02265866780698072,0.9907432709858742
2018-03-30,-0.02284509571986508,0.9908429679614467
2018-03-31,-0.021369127100802434,0.9908770801985568
2018-04-01,-0.02058914033235597,0.9906978020766836
2018-04-02,-0.020409735456588852,0.9903800040416212
2018-04-03,-0.019773254115754525,0.9904965015311912
2018-04-04,-0.017875642019197523,0.9904578033777568
2018-04-05,-0.01643156185019901,0.9902995775490565
2018-04-06,-0.015759033907689932,0.9898758464211259
2018-04-07,-0.017305441229357503,0.9894454009689239
2018-04-08,-0.015215042131591871,0.9890940809008606
2018-04-09,-0.014771658505601293,0.9897621920704054
2018-04-10,-0.016073144843593082,0.9904631485354215
2018-04-11,-0.016964039499256876,0.9899359904428386
2018-04-12,-0.014184950261438534,0.9892370725732077
2018-04-13,-0.019096199241677582,0.9890257584357841
2018-04-14,-0.020030011436672483,0.9889939180624987
2018-04-15,-0.020387966489037432,0.9882694915210167
2018-04-16,-0.021989093211097616,0.9874729430935133
2018-04-17,-0.022653116061304327,0.9866432943710404
2018-04-18,-0.02261850638720962,0.9865995752344459
2018-04-19,-0.02277270106242342,0.9861667224209135
2018-04-20,-0.02266496276185371,0.9869247829292873
2018-04-21,-0.0238664958744981,0.9872151906634752
2018-04-22,-0.023919196956177637,0.9872206066185623
2018-04-23,-0.023914142112458875,0.9871584123998767
2018-04-24,-0.024374721109707623,0.9869278492383173
2018-04-25,-0.02385370038234731,0.9875782514622775
2018-04-26,-0.023739027483037665,0.98758358345478
2018-04-27,-0.02380412898456446,0.9869885058471163
2018-04-28,-0.02584354275963889,0.9862826053136886
2018-04-29,-0.027328827727309414,0.9854385697310275
2018-04-30,-0.029244977756373042,0.9842468861936777
2018-05-01,-0.031110472773008505,0.9829207585815044
2018-05-02,-0.03291067476016372,0.9815072000889644
2018-05-03,-0.03439744755409387,0.981060847080012
2018-05-04,-0.0358811039656605,0.9810645544267861
2018-05-05,-0.036400939361617556,0.9807948160903129
2018-05-06,-0.03772044547982544,0.9802830844377207
2018-05-07,-0.04007966153724775,0.9798641821793609
2018-05-08,-0.040742308474468754,0.9797011165997006
2018-05-09,-0.04082451881775379,0.9797494872676615
2018-05-10,-0.038876157483736996,0.9784294097090085
2018-05-11,-0.038498843414658764,0.9782778070781163
2018-05-12,-0.04149121061758004,0.9770076005193166
2018-05-13,-0.04076241275894752,0.976949945783266
2018-05-14,-0.038920236498608304,0.9768508666791303
2018-05-15,-0.03785937882202941,0.9761680557600578
2018-05-16,-0.03921509924295407,0.9747345367303716
2018-05-17,-0.0407570472984754,0.9728606719555593
2018-05-18,-0.04338791702872976,0.9715217202284491
2018-05-19,-0.042977071198918367,0.9727448504589863
2018-05-20,-0.04080401048708292,0.9731684406393281
2018-05-21,-0.04101512305334436,0.971696214218443
2018-05-22,-0.0427396139147231,0.9703265230852658
2018-05-23,-0.03986728333813115,0.9714883102717269
2018-05-24,-0.03597422154688655,0.9731710719000112
2018-05-25,-0.03830044427471728,0.9719603172857155
2018-05-26,-0.03889045402130561,0.971580241257581
2018-05-27,-0.03934885719809519,0.9707224883126255
2018-05-28,-0.03393910772586684,0.9721444240842166
2018-05-29,-0.03155826788830208,0.9725137877593697
2018-05-30,-0.033383369630828476,0.9724023288753666
2018-05-31,-0.03216644327861594,0.9725748750606377
2018-06-01,-0.031718106915697035,0.9728725283817753
2018-06-02,-0.030028546007754134,0.9746366054593218
2018-06-03,-0.030412425658830997,0.9740752334837585
2018-06-04,-0.03237130238046836,0.9740100869189736
2018-06-05,-0.033667659288904195,0.9733542656914212
2018-06-06,-0.03531001077501235,0.9723041977119026
2018-06-07,-0.03378657599412495,0.9719687455673667
2018-06-08,-0.03144670932619785,0.9731255978429516
2018-06-09,-0.03470179095572393,0.9718335696449169
2018-06-10,-0.03466426978331647,0.9692972556962838
2018-06-11,-0.03337027678221765,0.968967216588634
2018-06-12,-0.030748651434409257,0.9712470741016378
2018-06-13,-0.02855503680917766,0.9729830609242315
2018-06-14,-0.028739728929577282,0.9736620951608969
2018-06-15,-0.02871523725706041,0.9738854468712071
2018-06-16,-0.031162836231782485,0.9736271606817407
2018-06-17,-0.032720316792875626,0.9717266319255795
2018-06-18,-0.032488736075466436,0.9705780351342
2018-06-19,-0.028715859337369528,0.970969828233845
2018-06-20,-0.02609695646671914,0.972168905048902
2018-06-21,-0.024861870886618013,0.9735713735759141
2018-06-22,-0.024231156535862795,0.9749798951383724
2018-06-23,-0.02416257018182592,0.9761628380938006
2018-06-24,-0.021869914009414057,0.9767532390890853
2018-06-25,-0.022055517298733358,0.9770380490888808
2018-06-26,-0.02012288516089383,0.9763473861778088
2018-06-27,-0.02090989999325304,0.9755766245768857
2018-06-28,-0.02168968832228328,0.9740168050365035
2018-06-29,-0.021804490536779842,0.9727460613157558
2018-06-30,-0.02299645797592304,0.9727288174719168
2018-07-01,-0.02127449845156589,0.9733356458129235
2018-07-02,-0.02023052480725249,0.9734407310405182
2018-07-03,-0.021243958635729084,0.9723675945122238
2018-07-04,-0.020204401389719944,0.9711710733893043
2018-07-05,-0.018826797346221596,0.9726020695850359
2018-07-06,-0.016810150349014567,0.9744882728921987
2018-07-07,-0.017739889383775367,0.975575120141574
2018-07-08,-0.01901469160583503,0.9751677348671302
2018-07-09,-0.01846197886784273,0.9744464804869715
2018-07-10,-0.01699180368898528,0.9758442543770548
2018-07-11,-0.01412946659997409,0.9772034644151927
2018-07-12,-0.012137937223553358,0.9775871605022034
2018-07-13,-0.01022387254189604,0.977187336830603
2018-07-14,-0.009683110823644285,0.9779936952424486
2018-07-15,-0.005237488176992957,0.9790263965131538
2018-07-16,-0.003934298072264831,0.9800777404022819
2018-07-17,-0.004977940044735233,0.9795787179782294
2018-07-18,-0.0014783155655734958,0.9809762060467268
2018-07-19,7.230822746859902e-5,0.9817662059029829
2018-07-20,0.0014984844703837348,0.9814290742436712
2018-07-21,-0.002691144002892475,0.9809878468246025
2018-07-22,-0.001851779204553642,0.9809024601038165
2018-07-23,0.0006977888706787674,0.980883404111135
2018-07-24,0.0005667132419694367,0.9810943585965769
2018-07-25,0.0030640602693838854,0.9817821946349558
2018-07-26,0.005643690061101847,0.9825218332090081
2018-07-27,0.007567499700967828,0.9833532481842352
2018-07-28,0.009037793310724391,0.9842555237020412
2018-07-29,0.012966194081467264,0.9851023417646123
2018-07-30,0.01604866317419738,0.9858471751647104
2018-07-31,0.016983984625745862,0.9866131404826626
2018-08-01,0.016626572885941614,0.9866901686092615
2018-08-02,0.0168904657497472,0.9863044467575872
2018-08-03,0.014694573813114361,0.9859571228808175
2018-08-04,0.014860265093523726,0.985580943262768
2018-08-05,0.01701474041872089,0.9852274928093964
2018-08-06,0.019029932303634776,0.9852012158758713
2018-08-07,0.020478922469961674,0.9853812645625171
2018-08-08,0.021451118037013515,0.9859364192465041
2018-08-09,0.021197991037387492,0.9865101639702532
2018-08-10,0.021309146907850136,0.98693702992952
2018-08-11,0.021557273157411252,0.987254903698824
2018-08-12,0.021239505323570315,0.9871543853513748
2018-08-13,0.02300056989407373,0.9869308625619954
2018-08-14,0.025228409161130394,0.9869935646023077
2018-08-15,0.04641311261328951,0.9874981813685754
2018-08-16,0.04704632859683232,0.9877608756125403
2018-08-17,0.04689613302956759,0.9877367147422073
2018-08-18,0.0475193135750696,0.9878051168791685
2018-08-19,0.04986810780679343,0.9878736651026129
2018-08-20,0.050764509290479654,0.9879175354842765
2018-08-21,0.04916713314133325,0.9879799626989956
2018-08-22,0.04800490977131309,0.9879214907621021
2018-08-23,0.04783771216628613,0.9877362684141011
2018-08-24,0.04787978943703052,0.9876884779083812
2018-08-25,0.04595869555257473,0.9875531196828033
2018-08-26,0.04677681947611328,0.9875571688680709
2018-08-27,0.04583226607122274,0.987349628684969
2018-08-28,0.046614760699603915,0.9873854031463625
2018-08-29,0.04621631656996389,0.9875608196546026
2018-08-30,0.04610964421323999,0.987490421214742
2018-08-31,0.04556758676423982,0.9873795591337653
2018-09-01,0.04592010929063663,0.9873141521561237
2018-09-02,0.04479615026161806,0.9874867846203328
2018-09-03,0.046960194313947136,0.9877543387006557
2018-09-04,0.04770244996872017,0.9880634573280597
2018-09-05,0.04714076601517762,0.9882634145294933
2018-09-06,0.04763893705300212,0.9882859661536688
2018-09-07,0.04820437019511939,0.9883087926197771
2018-09-08,0.04727849408353673,0.9883037098930129
2018-09-09,0.04802633910659327,0.9885250908105511
2018-09-10,0.04781741760488385,0.9886053648525567
2018-09-11,0.047544854359094085,0.9885554587730515
2018-09-12,0.048507198869844566,0.988475560822473
2018-09-13,0.04849157305702702,0.9884960257733039
2018-09-14,0.048093624154230956,0.9886610719071252
2018-09-15,0.04920963310707759,0.9887216713620411
2018-09-16,0.04895484777208575,0.9889306290521888
2018-09-17,0.04875638886216459,0.9889596615427756
2018-09-18,0.049324795822926225,0.988819389148875
2018-09-19,0.05086332171894257,0.9886952858754221
2018-09-20,0.05163689247576253,0.9886831992496368
2018-09-21,0.05270739235769707,0.9886380222476581
2018-09-22,0.05054531763688397,0.988784265246289
2018-09-23,0.05143854501625329,0.9889450443001079
2018-09-24,0.050354381403588146,0.9890142558682451
2018-09-25,0.05020776401183027,0.9890498296180004
2018-09-26,0.04979173284428472,0.9890115212727397
2018-09-27,0.04944842638686573,0.9889075547817627
2018-09-28,0.05001474332330631,0.9889022798752135
2018-09-29,0.04919770147150758,0.9889685543513597
2018-09-30,0.04938099201598759,0.9892137364762318
2018-10-01,0.04994636831578027,0.9892679617112036
2018-10-02,0.04563693310871794,0.9892630614238566
2018-10-03,0.0456886484025646,0.9892105118876129
2018-10-04,0.04547016479467883,0.9892087732243058
2018-10-05,0.04562226952135809,0.9890842474142545
2018-10-06,0.048180111488178905,0.9889017668797724
2018-10-07,0.05092881208618581,0.9890744246147585
2018-10-08,0.05350643565935658,0.9890622177173601
2018-10-09,0.05524296905832368,0.9888748724916956
2018-10-10,0.05563705006654667,0.9886383118770125
2018-10-11,0.05641598003567671,0.9882970762248071
2018-10-12,0.057735269941721346,0.9880318398442768
2018-10-13,0.05569806434961892,0.9879093646248677
2018-10-14,0.057229482350044894,0.9878738106158267
2018-10-15,0.05684074775738972,0.9876290033712779
2018-10-16,0.059093529199355885,0.9871918588841048
2018-10-17,0.05789021754704876,0.9868729301187926
2018-10-18,0.05757416030592912,0.9868530089031483
2018-10-19,0.0595924858720655,0.9868281948942762
2018-10-20,0.058599723485712754,0.9866924381287638
2018-10-21,0.0572628679071849,0.9868832483545715
2018-10-22,0.05783113962669299,0.9868510455207002
2018-10-23,0.05639797675002722,0.9868043336159148
2018-10-24,0.05740362709418432,0.986882342982866
2018-10-25,0.058714674537499345,0.986972000777908
2018-10-26,0.05534595576507054,0.9869090471198084
2018-10-27,0.051732867575318614,0.9868610987472263
2018-10-28,0.05104740940616132,0.987054740303286
2018-10-29,0.052041812575303804,0.9870936722328687
2018-10-30,0.05407847836515373,0.9872020928672338
2018-10-31,0.05200183344872039,0.9873753847613942
2018-11-01,0.052368963926812014,0.9873441041372679
2018-11-02,0.05180358069985983,0.9873261838240697
2018-11-03,0.05301697706104947,0.9872786953036792
2018-11-04,0.05367337040288883,0.9873701414264391
2018-11-05,0.054854486952344884,0.9873515236921339
2018-11-06,0.05303693587710746,0.9876825477960302
2018-11-07,0.05376674127766266,0.9878217027095105
2018-11-08,0.05447633486590932,0.9880486963854614
2018-11-09,0.054071420091812906,0.9878383457001008
2018-11-10,0.05451626711014389,0.9877635379685852
2018-11-11,0.05575740111108232,0.9881003898427579
2018-11-12,0.053632061759277164,0.9883645403114815
2018-11-13,0.05686666429910302,0.9887907127976059
2018-11-14,0.05527695710122391,0.9891893626410925
2018-11-15,0.05597780853300533,0.9896530884218966
2018-11-16,0.0540402429023737,0.9895937642596854
2018-11-17,0.05196942448689289,0.9894710353819891
2018-11-18,0.0535749171754233,0.9897244142132047
2018-11-19,0.05479616055468166,0.9895562908100218
2018-11-20,0.0553247319783452,0.989760480929169
2018-11-21,0.055527179829085366,0.9899469524894144
2018-11-22,0.05592517357606727,0.9901483146953197
2018-11-23,0.05905643830234045,0.9902722000711054
2018-11-24,0.05788298280158633,0.9903238105696924
2018-11-25,0.05834530113308535,0.9902367930047119
2018-11-26,0.060339981162068984,0.990022370741083
2018-11-27,0.06016216679337383,0.9897657891907499
2018-11-28,0.05991304485736964,0.989800167657316
2018-11-29,0.05956247646312371,0.9899391962111278
2018-11-30,0.05850869770950717,0.9899495010374073
2018-12-01,0.05886551541087783,0.9898943937779414
2018-12-02,0.057679627106066084,0.9900360926399133
2018-12-03,0.05800205696822497,0.990016283985563
2018-12-04,0.05822544005418089,0.9899233395962357
2018-12-05,0.05760867111640023,0.9898446314824455
2018-12-06,0.056911272978071956,0.989977134338716
2018-12-07,0.05639867069753555,0.9898641367774265
2018-12-08,0.0575144615643114,0.9895432699612726
2018-12-09,0.05890124498197389,0.9894021128658969
2018-12-10,0.05984184685038338,0.9891553340535295
2018-12-11,0.05912901108423688,0.9886575224096404
2018-12-12,0.05831642661218782,0.9881155752471285
2018-12-13,0.0588966722336298,0.9880225275329586
2018-12-14,0.056259571888162316,0.9873986855630512
2018-12-15,0.05786166965378697,0.9867751434138083
2018-12-16,0.0591192984748822,0.9864606429938653
2018-12-17,0.05821209430383462,0.98623511352499
2018-12-18,0.05543694920857749,0.9861987877388493
2018-12-19,0.058085005527511745,0.9862190338086012
2018-12-20,0.05777024131908093,0.9862182767314889
2018-12-21,0.05805983119000777,0.9861681654760627
2018-12-22,0.056847254943179826,0.9859844166589318
2018-12-23,0.06027596716647996,0.9858989439862986
2018-12-24,0.060775216030879944,0.985806997421266
2018-12-25,0.0614651596640094,0.9865453349423587
2018-12-26,0.06632187831747054,0.9869302442997081
2018-12-27,0.06528924340138183,0.9872717307417385
2018-12-28,0.0645486817500827,0.9869153720339507
2018-12-29,0.061943058535165456,0.9863593042349489
2018-12-30,0.06288683195405771,0.9863412518263203
2018-12-31,0.06367868916692208,0.9866503081444705
2019-01-01,0.06781040338385137,0.9866225346512855
2019-01-02,0.06896533498038201,0.9862125123096946
2019-01-03,0.0660933992919982,0.98586416016335
2019-01-04,0.06442298044969387,0.9851175531790004
2019-01-05,0.06366718900767622,0.9846545365949941
2019-01-06,0.06330709028425079,0.985463893114015
2019-01-07,0.06281468891842475,0.9864472694563953
2019-01-08,0.06494742444236949,0.986056062892336
2019-01-09,0.06283736535083793,0.9859757829597312
2019-01-10,0.061547644804788124,0.9862441918895763
2019-01-11,0.0608396200502464,0.9859947924471111
2019-01-12,0.059298612236210406,0.9858527886345799
2019-01-13,0.06021269139540537,0.9855656584045264
2019-01-14,0.06031523314921296,0.9856229108574236
2019-01-15,0.061592010281240436,0.9859196437975547
2019-01-16,0.06146593878700667,0.9867170982278762
2019-01-17,0.060569117769063596,0.9873258585235479
2019-01-18,0.06108577203724413,0.987917333513662
2019-01-19,0.06143040889320135,0.9878525926960081
2019-01-20,0.06186240147368771,0.9877561113815216
2019-01-21,0.06229730882176351,0.9882903074605427
2019-01-22,0.0630664875159247,0.9886875402166736
2019-01-23,0.061808836097758696,0.9886095652583661
2019-01-24,0.0624445096551669,0.9886147460425095
2019-01-25,0.06130339969553723,0.9886022934975628
2019-01-26,0.059539942813887255,0.9886324966367144
2019-01-27,0.05944734037598689,0.9882555182901611
2019-01-28,0.06020371868860308,0.9879274395508493
2019-01-29,0.05989726316583338,0.98777297819762
2019-01-30,0.05933192364959367,0.9876090310752331
2019-01-31,0.058526163562830774,0.987613538796622
2019-02-01,0.057338322658666376,0.9876632827699828
2019-02-02,0.05670855317510595,0.9878635129151551
2019-02-03,0.05679408917092009,0.9880504286542225
2019-02-04,0.05663068180315421,0.988621796286762
2019-02-05,0.05438105830928504,0.9890054891783369
2019-02-06,0.05433371289025737,0.9892037127559689
2019-02-07,0.05414285784055813,0.9892448982042896
2019-02-08,0.052801562623333576,0.9891064935286942
2019-02-09,0.05116807751958374,0.9891447207205911
2019-02-10,0.05062865783657224,0.989363369265004
2019-02-11,0.048311551305484986,0.989535629088915
2019-02-12,0.051439406837214506,0.9894827644804155
2019-02-13,0.05004224379212478,0.9896209631331783
2019-02-14,0.050718293798658984,0.9897805207180002
2019-02-15,0.05021770710072557,0.9897578461411172
2019-02-16,0.04551400448390434,0.9896814234599345
2019-02-17,0.04349265099172256,0.9895398924506359
2019-02-18,0.04236676870013379,0.9893581743316665
2019-02-19,0.040038602145241235,0.9893328966986333
2019-02-20,0.040108359062740066,0.9893641937287926
2019-02-21,0.03844515767969315,0.9889494046102474
2019-02-22,0.03730210551609499,0.9888232154737472
2019-02-23,0.03668876540043171,0.9885725988500237
2019-02-24,0.03769781987587411,0.9885234751879847
2019-02-25,0.04100627077855939,0.9884286785562081
2019-02-26,0.04420076367860399,0.9884330838760577
2019-02-27,0.04628417697066596,0.9883933898956552
2019-02-28,0.045793798421153,0.9884453399743468
2019-03-01,0.045489340437263145,0.9883456500640869
2019-03-02,0.04558459013192994,0.9882190892503828
2019-03-03,0.04422461924323122,0.9878412355362264
2019-03-04,0.03808805125003367,0.9876465008408838
2019-03-05,0.041086284417022924,0.9875366736707839
2019-03-06,0.040298964840942024,0.9870149472211369
2019-03-07,0.04051579852886034,0.9864452521338719
2019-03-08,0.036788333409412406,0.9856513024387878
2019-03-09,0.03173024896241706,0.9846821412219341
2019-03-10,0.03000675190753784,0.9845021014079455
2019-03-11,0.0327528350364347,0.9845604917546695
2019-03-12,0.030808219637500796,0.9844454064203075
2019-03-13,0.02956105788940354,0.9833719869035383
2019-03-14,0.02883013101957843,0.9832464176663916
2019-03-15,0.028939027782391,0.9829828221421852
2019-03-16,0.026001832845369777,0.9827740245211962
2019-03-17,0.023691536842452045,0.9827912012563285
2019-03-18,0.019596043395044678,0.9824834872168726
2019-03-19,0.019965834563392303,0.9824724720421849
2019-03-20,0.01564868441053778,0.9819581853060155
2019-03-21,0.016083292437144937,0.9807268661424976
2019-03-22,0.018046760900748304,0.9810110238780672
2019-03-23,0.01431030956117581,0.9799305817019406
2019-03-24,0.012245024132265336,0.9783844043923068
2019-03-25,0.013919246603998448,0.9797597658481897
2019-03-26,0.010764874219308924,0.9792616652785394
2019-03-27,0.010203275954268193,0.9792807631359249
2019-03-28,0.008518793799730992,0.9777841255044154
2019-03-29,0.008974641795153143,0.9772961726196626
2019-03-30,0.005802054222984133,0.9772741370583359
2019-03-31,0.00679013581389089,0.9789245946956902
2019-04-04,0.006566661045671523,0.9767831219027191
2019-04-05,0.004020310208669266,0.9755978622350081
2019-04-06,0.005403011773342457,0.976797361128761
2019-04-07,0.007303919304525536,0.9788417801252505
2019-04-08,0.006929879438356723,0.9792410758710085
2019-04-09,0.005780952331473604,0.977970311817545
2019-04-10,0.004187135243755559,0.9766091678238955
2019-04-11,0.0034983379766995886,0.9764423056678292
2019-04-12,0.0028710846402025952,0.9763031504005351
2019-04-13,0.0027822481223416964,0.9770812495455042
2019-04-14,0.0013658819154751486,0.9772635268837763
2019-04-15,-0.001337148486170554,0.977168055953916
2019-04-16,-0.0031653239384867977,0.9775655252801444
2019-04-17,-0.001864268433471465,0.9798327755038493
2019-04-18,-0.0017285675181364704,0.981847337178322
2019-04-19,-0.002235800875902385,0.9822188105842904
2019-04-20,-0.002956087523772779,0.9814886721091031
2019-04-21,-0.0030936198459819322,0.9820158074492323
2019-04-22,-0.0017734529566586898,0.9835268727000336
2019-04-23,-0.0006035048613169347,0.9838157561083797
2019-04-24,0.003376073144513158,0.9838689050715269
2019-04-25,0.004541824424649495,0.9836012961185565
2019-04-26,0.0034708253294573775,0.9835836546526824
2019-04-27,0.00468356691085592,0.9828314703167165
2019-04-29,0.00499631532843851,0.9806647026469885
2019-04-30,0.003737231667083313,0.979494583447656
2019-05-01,0.00485178879365128,0.9784922780563315
2019-05-02,0.0038774335828709715,0.9779684243537233
2019-05-03,0.00448633917335466,0.9783128523329124
2019-05-04,0.005119906716784085,0.9797947855779334
2019-05-05,0.006532167551487244,0.9804972540674138
2019-05-06,0.0049224297119099545,0.9809534933900806
2019-05-07,0.004502773808452488,0.9813212511692323
2019-05-08,0.0032949258746669974,0.9810083148995978
2019-05-09,0.004616743322183208,0.9799366796921207
2019-05-10,0.004160541914961339,0.980608431331351
2019-05-11,0.0037856572184814543,0.9817999585322774
2019-05-12,0.004625055416535733,0.9828322248118695
2019-05-13,0.0020720487093866887,0.9826935178022753
2019-05-14,0.0027719915660058044,0.983207076978625
2019-05-15,0.0037487059449523093,0.9832434037532909
2019-05-16,0.003931016206619604,0.9836314235965751
2019-05-17,0.005070602914110782,0.9837955804817958
2019-05-18,0.006653639954713172,0.984220610104428
2019-05-19,0.006013997873780308,0.9842965657662923
2019-05-20,0.006024907395505761,0.9837049735008659
2019-05-21,0.007484734919497489,0.9835966515819891
2019-05-22,0.007839576750160667,0.9838395949104944
2019-05-23,0.006509734686240119,0.9834432466192402
2019-05-24,0.004927298994999743,0.9835464148312117
2019-05-25,0.0005628137269717852,0.9837070769846115
2019-05-26,7.775407736318879e-5,0.9829527144579653
2019-05-27,0.0008465168341614389,0.9819772117894833
2019-05-28,0.0016742259154719997,0.9821284172948626
2019-05-29,0.0027688435092355175,0.9827441786247392
2019-05-30,0.0022915329732832238,0.9833189496664004
2019-05-31,0.006553127421616463,0.9840473973456985
2019-06-01,0.008976775703868444,0.98436056114587
2019-06-02,0.011255972358023279,0.9844642221653886
2019-06-03,0.01154566135627553,0.984368703712465
2019-06-04,0.011019211039586177,0.984509026444027
2019-06-05,0.01182446182039281,0.9847689219622093
2019-06-06,0.012247087790089145,0.9847342124351548
2019-06-07,0.009863806142985399,0.9845292786412962
2019-06-08,0.009497742775652176,0.984556031226673
2019-06-09,0.00923351414013458,0.9848021212948929
2019-06-10,0.009308467961179647,0.9846188798633613
2019-06-11,0.012365614536475908,0.9842436212381499
2019-06-12,0.012677217431224387,0.9844511697716276
2019-06-13,0.011848964897912618,0.9845615388070479
2019-06-14,0.011755863000403995,0.9846468941998717
2019-06-15,0.011209042342971695,0.984550490791141
2019-06-16,0.011466585373118935,0.9844448181825888
2019-06-17,0.01229090375762197,0.9839686616841846
2019-06-18,0.007665360130315509,0.9832710139515777
2019-06-19,0.007063930441706227,0.9825899944097105
2019-06-20,0.006642175347415471,0.9821858214406669
2019-06-21,0.004828533589664984,0.9817274739391384
2019-06-22,0.0042525139560039,0.9811336795560079
2019-06-23,0.004792118999959691,0.981215209685178
2019-06-24,0.00425998511817815,0.9809083319609228
2019-06-25,0.005392452356888601,0.9806738898272349
2019-06-26,0.005374310864017363,0.9794112845916668
2019-06-27,0.0026770909341335145,0.978605648938706
2019-06-28,0.0025607439946704123,0.9784107832597004
2019-06-29,0.0036600705386003077,0.9781713771652504
2019-06-30,0.0036406221782213474,0.9785784988528073
2019-07-01,0.0043616173813801565,0.9788760155966152
2019-07-02,0.0034255824682646392,0.9792446339435773
2019-07-03,0.003766641350151217,0.9794487859485322
2019-07-04,0.002552127189957678,0.9790043022566819
2019-07-05,0.0038923015084219342,0.9793108328632827
2019-07-06,0.005027544365671619,0.9789658227147652
2019-07-07,0.005773955626625155,0.979000745113486
2019-07-08,0.0066572192537044765,0.9785766093374487
2019-07-09,0.007127325710057624,0.9781223573237667
2019-07-10,0.009153783769926017,0.9779125136506102
2019-07-11,0.011961685568545643,0.9778788146027508
2019-07-12,0.012303786944242784,0.9787254658301884
2019-07-13,0.011889039546145376,0.9782178979816292
2019-07-14,0.014737408911821081,0.9780755247513238
2019-07-15,0.015404422579406258,0.9779444226343159
2019-07-16,0.017716109603093833,0.9784079874399035
2019-07-17,0.017539191654726418,0.9791174512412665
2019-07-18,0.016537836851985236,0.9790352729436747
2019-07-19,0.01597916887668374,0.97911556400509
2019-07-20,0.015497934488420932,0.978853648328517
2019-07-21,0.017757907397446315,0.9791876631041889
2019-07-22,0.01861504201351584,0.9794551035564878
2019-07-23,0.014310992781194291,0.9794258377530157
2019-07-24,0.013737344803140381,0.9794059424980656
2019-07-25,0.0134467402709207,0.9796042152491502
2019-07-26,0.011214818207759457,0.9796507214147641
2019-07-27,0.011737448542538366,0.9795535156615557
2019-07-28,0.010789985888918486,0.9794830758039269
2019-07-29,0.013353510776919776,0.9792810996522243
2019-07-30,0.01470220192480243,0.9792046719104769
2019-07-31,0.01597193637022189,0.9795214172439122
2019-08-01,0.015753462452591606,0.9797030135546656
2019-08-02,0.014226844512393928,0.9797717627545806
2019-08-03,0.013341100630430322,0.9798194052905567
2019-08-04,0.015735756681133122,0.9794646542036424
2019-08-05,0.017771831948030316,0.9793816427848834
2019-08-06,0.01927459520539954,0.9793729169769531
2019-08-07,0.0202907442844983,0.9795265446819513
2019-08-08,0.022111607302745286,0.979228834691359
2019-08-09,0.023246342074270225,0.9790903664914204
2019-08-10,0.021998955388004702,0.9790915564909092
2019-08-11,0.024890947965863452,0.9784862132154631
2019-08-12,0.026366772244865454,0.9783999799126067
2019-08-13,0.024763765591151562,0.9782372769368007
2019-08-14,0.02247370542789839,0.9782523941730435
2019-08-15,0.02066573177159945,0.9779466412137883
2019-08-16,0.018908824258138987,0.9779113186436498
2019-08-17,0.018448552593692352,0.9779015795347376
2019-08-18,0.01947577103265362,0.9777380789464688
2019-08-19,0.017802747111759904,0.9774864786759677
2019-08-20,0.016377261889661827,0.9772084190295223
2019-08-21,0.016335861132463162,0.9768830197477413
2019-08-22,0.017839596077620996,0.976773048956643
2019-08-23,0.019237924291965178,0.9769578411608384
2019-08-24,0.018183516326572786,0.9768229399133666
2019-08-25,0.019686196024713484,0.9765648784906596
2019-08-26,0.019157786746395556,0.9763933010860008
2019-08-27,0.020401923757457686,0.9764375166897619
2019-08-28,0.019937425205851445,0.9762417562351657
2019-08-29,0.019396392684296836,0.9763738710002383
2019-08-30,0.01876114928458277,0.9764082415518053
2019-08-31,0.017390441073168564,0.9766533366782264
2019-09-01,0.020077063941529274,0.9766424272129869
2019-09-02,0.023179782782639546,0.9765323616944823
2019-09-03,0.022648736298029402,0.9764232709624889
2019-09-04,0.020998204872544512,0.9762796144530207
2019-09-05,0.016787051320435238,0.9762157106511039
2019-09-06,0.012355776572444443,0.9759453147997326
2019-09-08,0.02209822057675032,0.9751676683690891
2019-09-09,0.015493548512151721,0.974904966127993
2019-09-10,0.014543095396614131,0.9751069876092012
2019-09-11,0.010030986418061742,0.9747781456784694
2019-09-12,0.00714641063803084,0.9746096097172071
2019-09-13,0.0077815502104622855,0.9745907881849887
2019-09-14,0.008853450588985344,0.9746601077308406
2019-09-15,0.010595576895110669,0.9747736679329124
2019-09-16,0.01655510240616377,0.9752179466690135
2019-09-17,0.01991796656269648,0.9756890303328559
2019-09-18,0.015606180061248432,0.9756244431043889
2019-09-19,0.01674844323202982,0.9756704849660961
2019-09-20,0.015761481187691797,0.9755316784277397
2019-09-21,0.009757574694303448,0.9756798274462115
2019-09-22,0.0110274533241306,0.9756815341562465
2019-09-23,0.01011617215295025,0.9759452112236567
2019-09-24,0.012139747513734731,0.9759906235718141
2019-09-25,0.014653216597512776,0.9759609754244355
2019-09-26,0.015242608001834823,0.9758897281730794
2019-09-27,0.01717451388127305,0.9756759459811623
2019-09-28,0.014892811525981152,0.9756876566074313
2019-09-29,0.014696831564879347,0.9757903814805232
2019-09-30,0.015094633726877213,0.9758733371850233
2019-10-01,0.01164659706984109,0.9757698055495291
2019-10-02,0.009464679517343373,0.9758970685254684
2019-10-03,0.008456326846289206,0.9769027422044706
2019-10-04,0.007234918935556619,0.97817733789601
2019-10-05,0.008486568601574158,0.9790304241452823
2019-10-06,0.010049485058941694,0.9794832536614041
2019-10-07,0.011841137259261267,0.9801091386788846
2019-10-08,0.011561028359941277,0.9805118314297409
2019-10-09,0.011424115833750895,0.98123368074895
2019-10-10,0.011366221650949151,0.9819732141344933
2019-10-11,0.010278197351911123,0.9823484818512848
2019-10-12,0.00960411729748013,0.9827455203307911
2019-10-13,0.01074759066715434,0.9832004337535469
2019-10-14,0.010768518198477177,0.9831377887520515
2019-10-15,0.010364844613170473,0.983193723081752
2019-10-16,0.008590484280356869,0.9833544599758882
2019-10-17,0.008682812901590797,0.9835597286875775
2019-10-18,0.008105032372956903,0.983655730760841
2019-10-19,0.006564585469004937,0.983637627333555
2019-10-20,0.007371539217784678,0.9840356438561149
2019-10-21,0.009345207392454084,0.9841698843138371
2019-10-22,0.00998732432047621,0.9842145480616505
2019-10-23,0.010174922080867664,0.9843383292330098
2019-10-24,0.008136220969083872,0.9845013150278257
2019-10-25,0.007944217846909544,0.9842781527047336
2019-10-26,0.008790003660298178,0.9841872757975869
2019-10-27,0.008694814697153913,0.9848051028712328
2019-10-28,0.009217527469287388,0.9850550870430571
2019-10-29,0.009160981499071259,0.9854294739855103
2019-10-30,0.011442450522911788,0.9857488235543331
2019-10-31,0.011887013603658693,0.9857989888050784
2019-11-01,0.012641504539675625,0.9857186712837986
2019-11-02,0.00903093601313073,0.9856348801480809
2019-11-03,0.008554746849718414,0.9856744898645536
2019-11-04,0.00726161268628447,0.9856547265709502
2019-11-05,0.005703653489731827,0.9856308111418532
2019-11-06,0.005368759078606884,0.9857123403282931
2019-11-07,0.005452580321393315,0.9853994726830944
2019-11-08,0.006430003677077898,0.9851667967316379
2019-11-09,0.0037092894716653792,0.984900105339508
2019-11-10,0.00011970292467209956,0.9851609616858855
2019-11-11,0.003324892837794661,0.9853199674911516
2019-11-12,0.0021317628644290086,0.9852208547549586
2019-11-13,0.004581205241378133,0.9851211120203323
2019-11-14,0.003111773061988327,0.9846814925883464
2019-11-15,0.0025423005914724417,0.9842517558145393
2019-11-16,0.0015796361361184346,0.9836540109187549
2019-11-17,0.0041792079383795545,0.9836940576532075
2019-11-18,0.004684426138908357,0.9834552460606466
2019-11-19,0.003668159009274473,0.9834231612782848
2019-11-20,0.003300157082058379,0.9839381445771268
2019-11-21,0.002032399070009744,0.9839133014386896
2019-11-22,0.0007593296218274635,0.9838750326580471
2019-11-23,-0.0018858532023399753,0.9837979721902238
2019-11-24,-0.002300185652944777,0.9836723930654597
2019-11-25,-0.0039600375942147655,0.9841456563219353
2019-11-26,-0.0041986236439778375,0.9842537984482579
2019-11-27,-0.006431370371009315,0.9846889135111615
2019-11-28,-0.005931396204687388,0.9851000012152268
2019-11-29,-0.0089570774829486,0.9854698933511311
2019-11-30,-0.009636739750569634,0.9855691103907355
2019-12-01,-0.0119702195586467,0.9856786178433642
2019-12-02,-0.013293915826897842,0.9856972088130634
2019-12-03,-0.015854030663164157,0.9855513846551129
2019-12-04,-0.01641242569661273,0.9856927611955717
2019-12-05,-0.017869007074959448,0.9854558836829895
2019-12-06,-0.018309123440125672,0.9850249451023971
2019-12-07,-0.018957083701220564,0.9853014544477228
2019-12-08,-0.021438655124978605,0.9855247824403514
2019-12-09,-0.020450070267921044,0.9853332723678306
2019-12-10,-0.019811332044086784,0.9847380299302948
2019-12-11,-0.021942481782351225,0.984577174935034
2019-12-12,-0.023425845120182164,0.9844226557027859
2019-12-13,-0.025375611967669,0.984320390339077
2019-12-14,-0.023164196853837787,0.9845868300012407
2019-12-15,-0.023439983487549835,0.9846522532066164
2019-12-16,-0.024442746985894364,0.9838154738939934
2019-12-17,-0.026906689479034542,0.983123838443507
2019-12-18,-0.02464289137216874,0.9821605056935373
2019-12-19,-0.02654598085828688,0.9813454728953293
2019-12-20,-0.025022509368736397,0.9811426820460595
2019-12-21,-0.024432364937373455,0.9811737385985007
2019-12-22,-0.023916481554651772,0.9809148207056584
2019-12-23,-0.02302279657516243,0.9807542648294911
2019-12-24,-0.023494285137986976,0.9808608580387308
2019-12-25,-0.024335837678107673,0.9818250016292576
2019-12-26,-0.02596899865018005,0.9819154128810241
2019-12-27,-0.022934301732889507,0.9812693995131069
2020-01-01,-0.024235538163979723,0.9795064847710092
2020-01-02,-0.025357005580059985,0.9789247212524754
2020-01-03,-0.02844277348182027,0.9786799617357745
2020-01-04,-0.028123506327623424,0.9786937432852235
2020-01-05,-0.02910229359708188,0.978892175786108
2020-01-06,-0.02854322856017433,0.9788309888148526
2020-01-07,-0.028039069304733998,0.9779679449970763
2020-01-08,-0.028016625447023005,0.977927064531876
2020-01-09,-0.026881722794582105,0.9787521119159946
2020-01-10,-0.02548397605736731,0.9789892134743333
2020-01-11,-0.027437920977404898,0.9795565167304514
2020-01-12,-0.028321764005647922,0.9799754396385515
2020-01-13,-0.028440246104989353,0.9804595705432605
2020-01-14,-0.022884871865656298,0.9806268578049676
2020-01-15,-0.02265403357024869,0.9801911310563813
2020-01-16,-0.022553732307277627,0.9796484636898363
2020-01-17,-0.02258841804800104,0.9802638430183884
2020-02-01,-0.054064624895695905,0.9800204674106265
2020-02-02,-0.053823382955631945,0.9808337352537123
2020-02-03,-0.05174878125562815,0.9817481101763109
2020-02-04,-0.052777202527809125,0.9816844377737435
2020-02-07,-0.05084946485156078,0.9813727336947247
2020-02-11,-0.04844623384470066,0.9819533427835365
2020-02-12,-0.0496945135040464,0.9821221935659314
2020-03-01,-0.050986925739690096,0.9792400764425297
2020-03-02,-0.04867545455542823,0.980646857023797
2020-03-03,-0.047147474816304866,0.9811121850024909
2020-03-04,-0.04614181344190862,0.9818343249367928
2020-03-05,-0.04511113392567689,0.9828839700917652
2020-03-06,-0.04340329147208191,0.9822980747142281
2020-03-07,-0.04280024463803835,0.9819425627114491
2020-03-08,-0.044314109320435564,0.9829082440574746
2020-03-09,-0.04402118581025717,0.9832471819156262
2020-03-10,-0.04081692620129292,0.983528563502496
2020-03-11,-0.03850642923737367,0.983454169273182
2020-03-12,-0.03827364482812613,0.9833436728456798
2020-03-13,-0.03871145741973554,0.9835293440370704
2020-03-14,-0.040136266862971476,0.9832807956511066
2020-03-15,-0.04057436644625926,0.9839261623869959
2020-03-16,-0.03780194248244429,0.984749035729685
2020-03-17,-0.03547666857689096,0.9847723387868447
2020-03-18,-0.030758465663178344,0.9848442667145167
2020-03-19,-0.030400131711219826,0.9845988918875064
2020-03-20,-0.04438794678659046,0.984318563051138
2020-03-21,-0.0623541137385719,0.9841440342672526
2020-04-01,-0.06544686331753768,0.9828232445791294
2020-04-02,-0.0666928975195775,0.9818340825424494
2020-04-03,-0.06840047844232572,0.98130887566088
2020-04-04,-0.07398129259490242,0.9800676050456134
2020-04-05,-0.08327914594500296,0.9790082243864306
2020-04-06,-0.09331490642480111,0.9758787289781768
2020-04-07,-0.09779303325819022,0.9761716991556905
2020-04-08,-0.10212830808306401,0.9758397044941262
2020-04-09,-0.1122848740303372,0.9750072907682247
2020-04-10,-0.10984329877934003,0.9763294849892191
2020-04-11,-0.10514549763785576,0.9766654175832101
2020-04-12,-0.11093988609765312,0.9757365311956885
2020-04-13,-0.11669567451330672,0.9736352473487071
2020-04-14,-0.11544355759421378,0.9723666433127238
2020-04-16,-0.12282083613252226,0.9709441810756144
2020-05-01,-0.12645071189599758,0.9694253543732837
2020-05-02,-0.13070598433701466,0.9685371460739987
2020-05-03,-0.13097369041502605,0.9679811192107938
2020-05-04,-0.1328006939692977,0.9682097800006758
2020-05-05,-0.12801712375070232,0.9706395104915279
2020-05-06,-0.1251097993981182,0.972266279101247
2020-05-07,-0.12342952718365277,0.9740019805890577
2020-05-08,-0.12628559879419265,0.9736059852243162
2020-05-09,-0.12578396479249498,0.9743147008097226
2020-05-10,-0.12434721426876648,0.9741785870291254
2020-05-11,-0.12423657781825018,0.9740275818741545
2020-05-12,-0.13531264790526928,0.9714567862940047
2020-05-13,-0.13593539048042452,0.9708133864336023
2020-05-14,-0.13661410284921566,0.9712386784910777
2020-05-15,-0.13700478461345783,0.9715227550355621
2020-05-16,-0.13539979267605484,0.9724479624853264
2020-06-01,-0.12885999874576934,0.974168548704465
2020-06-02,-0.12756195625445482,0.9740823153239395
2020-06-03,-0.1299903546786263,0.9737968910676883
2020-06-04,-0.13017789045826653,0.9732749564358278
2020-06-05,-0.12904361614895743,0.9740722215167336
2020-06-06,-0.1274895425097589,0.9744030532887576
2020-06-07,-0.13239375538351367,0.9728716623258457
2020-06-08,-0.13169704988182285,0.9718490337883979
2020-06-09,-0.13318611732209945,0.971228921797879
2020-06-10,-0.1307432204680596,0.9711272880236491
2020-06-11,-0.12784103716931816,0.9735137462640339
2020-06-12,-0.11949897589903617,0.9753469854215773
2020-06-13,-0.11704487296842397,0.9757396049117398
2020-06-14,-0.11191527127039083,0.9760036429087412
2020-06-15,-0.10946439806837593,0.9779642150123838
2020-06-16,-0.11142631292046995,0.9772595138566891
2020-06-17,-0.11090375189395991,0.9773923736876662
2020-06-18,-0.11044479914078387,0.9771833874563572
2020-06-19,-0.1098162460232294,0.9766168445560515
2020-07-01,-0.10475773250446108,0.9770063056559695
2020-07-02,-0.10508290249789867,0.9772891899465476
2020-07-03,-0.10043454090899316,0.9779631695175282
2020-07-04,-0.09189727639011923,0.9780672727464305
2020-07-05,-0.0811653480313102,0.9777574232673738
2020-07-06,-0.07651377926755783,0.9777773237565022
2020-07-07,-0.07053714372010536,0.97773332538828
2020-07-08,-0.06611891773506041,0.9767177438156136
2020-07-09,-0.06615284578248552,0.976061936266957
2020-07-10,-0.06804250502531375,0.9759135243741878
2020-07-11,-0.06718164538014001,0.9760768790957524
2020-07-12,-0.07453264199711816,0.9756400744682654
2020-07-13,-0.05698966241505168,0.9769947546767946
2020-07-14,-0.06907262111690746,0.9771260930114659
2020-07-15,-0.04182105321241291,0.9773189704113687
2020-07-16,-0.04180767347907934,0.9775669947592059
2020-07-17,-0.041700507843360525,0.9778683495188321
2020-07-18,-0.04164730994107735,0.9776963786993056
2020-07-19,-0.03961761661512554,0.9773526962874559
2020-07-20,-0.03841629635994113,0.977279578135696
2020-07-21,-0.06026364672530477,0.9773581841736002
2020-08-01,-0.03527597758784893,0.9784512133280511
2020-08-02,-0.0316248349444134,0.9781516236577062
2020-08-03,-0.03065343519934924,0.9775164583238923
2020-08-04,-0.029511048719115973,0.9776374417930154
2020-08-05,-0.027920572416791217,0.976909370107974
2020-08-06,-0.04266678901766039,0.9766593312747314
2020-08-07,-0.031490022092965066,0.9769188958392446
2020-08-08,-0.05385479293871109,0.977191583578606
2020-08-09,-0.025023970572419552,0.9767911175631044
2020-08-10,-0.017890189630026147,0.9767868096233825
2020-08-11,-0.017086762807713526,0.9770756322567332
2020-08-12,-0.013881568065754364,0.9777186922270164
2020-08-13,-0.013318343712906041,0.9783479709350239
2020-08-14,-0.010326769203636555,0.9786786526112323
2020-08-15,-0.004352872025288018,0.9790778625991009
2020-08-16,-0.0014144405224672172,0.9791590155074577
2020-08-17,0.0007885296406285596,0.9794662193498087
2020-09-01,-0.00022741104002736614,0.9787587113931753
2020-09-02,-0.001324294931682468,0.9790067359825556
2020-09-03,7.240772910840694e-5,0.979443838852252
2020-09-04,0.0001400629392698192,0.9796700412588999
2020-09-05,0.0028801821865420576,0.9800324775388249
2020-09-06,0.0014796676869903134,0.9803448408898502
2020-09-07,0.0022990113478373398,0.9803336477421438
2020-09-08,0.0024976179448702087,0.9799092862075889
2020-09-09,0.004349657673400033,0.9797154948711777
2020-09-10,0.004811871012425064,0.9798307218911837
2020-09-11,0.0038082884194619226,0.9801572893130975
2020-09-12,0.00260183741811491,0.9803425264987424
2020-09-13,0.0014392180747077514,0.9803950006605576
2020-09-14,0.00021335469317565746,0.9805889333086372
2020-09-15,0.0072364644480674215,0.9804779548642429
2020-09-16,0.010231790498147196,0.980717348084136
2020-09-17,0.014545344390114257,0.9808137027153875
2020-09-18,0.014263144357923191,0.9809003107055372
2020-09-19,0.013301914623150798,0.9810029181019078
2020-10-01,0.01458561324553788,0.980279643011745
2020-10-02,0.02225249524309411,0.9801712912970652
2020-10-03,0.023660003841918423,0.9798812716484026
2020-10-04,0.02640351635789219,0.9794237628684997
2020-10-05,0.02762899184844021,0.9787884031915949
2020-10-06,0.028780665162918405,0.9781217568940261
2020-10-07,0.03190941362489782,0.9776565625446277
2020-10-08,0.032787570784145854,0.9776023433958079
2020-10-09,0.03255089438689602,0.9779945440433374
2020-10-10,0.028366762625027866,0.9785303083003432
2020-10-11,0.027043756943170176,0.9779159851761972
2020-11-01,0.020204914650523913,0.9744185879088496
2020-11-02,0.020732146579642688,0.9734606701516149
2020-11-03,0.02108747624180691,0.9722464692260424
2020-11-04,0.019799286537918515,0.9710817135541492
2020-11-05,0.03463448575216359,0.9702345968588412
2020-11-06,0.02177896168456005,0.9708062366316887
2020-11-07,0.024799726119559835,0.9717143851411543
2020-11-08,0.01226797267979471,0.9725362600786581
2020-11-09,0.016721478987129293,0.9731537474901745
2020-11-10,0.020625313523148746,0.9728730711535176
2020-11-11,0.021064062491609907,0.9728537649634176
2020-11-12,0.011369193247510763,0.9726695596834892
2020-11-13,0.017240390969811566,0.9731794379584975
2020-12-01,0.010079105088913933,0.9728913337231245
2020-12-02,0.007672390277639737,0.9720320382083921
2020-12-03,0.008296241790258951,0.9722198764171187
2020-12-04,0.004790810747592425,0.9713459657929401
2020-12-05,0.00433571803003374,0.970607428110849
2020-12-06,0.0035168286923573746,0.970391520175029
2020-12-07,0.0024327583450077816,0.9699563765166815
2020-12-08,-0.0011687086826801456,0.96911748269732
2020-12-09,0.0011412649409046516,0.9687591178514875
2020-12-10,0.0011122662725049463,0.9694080250572447
2020-12-11,-0.0036825577493635278,0.970376723275641
2020-12-12,-0.007593285337654927,0.9712922007168767
2020-12-13,-0.01108300033085998,0.9712738278610509
2020-12-14,-0.014885133767755552,0.9719512861592299
